{
  "dataset":"fiqa",
  "namespace":"beir-fiqa",
  "k":100,
  "nprobes":20,
  "num_queries":648,
  "total_search_time_s":172.9077382088,
  "qps":3.7476633881,
  "latency_p50_ms":8376.9493103027,
  "latency_p95_ms":11553.8683652878,
  "latency_p99_ms":13081.0283398628,
  "scores":{
    "map":0.353289397,
    "ndcg@10":0.4128886901,
    "ndcg@100":0.4736416292,
    "recall@10":0.4803713904,
    "recall@100":0.7042547088
  }
}