{
  "dataset":"fiqa",
  "namespace":"beir-fiqa",
  "k":100,
  "nprobes":8,
  "num_queries":648,
  "total_search_time_s":355.0626575947,
  "qps":1.8250299944,
  "latency_p50_ms":16678.8036823273,
  "latency_p95_ms":25834.087729454,
  "latency_p99_ms":29409.8325943947,
  "scores":{
    "map":0.3546373743,
    "ndcg@10":0.4109930503,
    "ndcg@100":0.4742286255,
    "recall@10":0.4710332277,
    "recall@100":0.7073204016
  }
}